{
	"BUILD_DIR" : "/home/alumno/robocomp/G13_x1/Practica2/src/chocachoca_autogen",
	"CMAKE_BINARY_DIR" : "/home/alumno/robocomp/G13_x1/Practica2",
	"CMAKE_CURRENT_BINARY_DIR" : "/home/alumno/robocomp/G13_x1/Practica2/src",
	"CMAKE_CURRENT_SOURCE_DIR" : "/home/alumno/robocomp/G13_x1/Practica2/src",
	"CMAKE_EXECUTABLE" : "/snap/clion/164/bin/cmake/linux/bin/cmake",
	"CMAKE_LIST_FILES" : 
	[
		"/home/alumno/robocomp/G13_x1/Practica2/src/CMakeLists.txt",
		"/opt/robocomp/cmake/robocomp.cmake",
		"/opt/robocomp/cmake/modules/qt.cmake",
		"/usr/lib/x86_64-linux-gnu/cmake/Qt5/Qt5ConfigVersion.cmake",
		"/usr/lib/x86_64-linux-gnu/cmake/Qt5/Qt5Config.cmake",
		"/usr/lib/x86_64-linux-gnu/cmake/Qt5/Qt5ModuleLocation.cmake",
		"/usr/lib/x86_64-linux-gnu/cmake/Qt5Core/Qt5CoreConfigVersion.cmake",
		"/usr/lib/x86_64-linux-gnu/cmake/Qt5Core/Qt5CoreConfig.cmake",
		"/usr/lib/x86_64-linux-gnu/cmake/Qt5Core/Qt5CoreConfigExtras.cmake",
		"/usr/lib/x86_64-linux-gnu/cmake/Qt5Core/Qt5CoreConfigExtrasMkspecDir.cmake",
		"/usr/lib/x86_64-linux-gnu/cmake/Qt5Core/Qt5CoreMacros.cmake",
		"/snap/clion/164/bin/cmake/linux/share/cmake-3.20/Modules/CMakeParseArguments.cmake",
		"/usr/lib/x86_64-linux-gnu/cmake/Qt5/Qt5ConfigVersion.cmake",
		"/usr/lib/x86_64-linux-gnu/cmake/Qt5/Qt5Config.cmake",
		"/usr/lib/x86_64-linux-gnu/cmake/Qt5/Qt5ModuleLocation.cmake",
		"/usr/lib/x86_64-linux-gnu/cmake/Qt5Gui/Qt5GuiConfigVersion.cmake",
		"/usr/lib/x86_64-linux-gnu/cmake/Qt5Gui/Qt5GuiConfig.cmake",
		"/usr/lib/x86_64-linux-gnu/cmake/Qt5Gui/Qt5Gui_QComposePlatformInputContextPlugin.cmake",
		"/usr/lib/x86_64-linux-gnu/cmake/Qt5Gui/Qt5Gui_QEglFSEmulatorIntegrationPlugin.cmake",
		"/usr/lib/x86_64-linux-gnu/cmake/Qt5Gui/Qt5Gui_QEglFSIntegrationPlugin.cmake",
		"/usr/lib/x86_64-linux-gnu/cmake/Qt5Gui/Qt5Gui_QEglFSKmsEglDeviceIntegrationPlugin.cmake",
		"/usr/lib/x86_64-linux-gnu/cmake/Qt5Gui/Qt5Gui_QEglFSKmsGbmIntegrationPlugin.cmake",
		"/usr/lib/x86_64-linux-gnu/cmake/Qt5Gui/Qt5Gui_QEglFSX11IntegrationPlugin.cmake",
		"/usr/lib/x86_64-linux-gnu/cmake/Qt5Gui/Qt5Gui_QEvdevKeyboardPlugin.cmake",
		"/usr/lib/x86_64-linux-gnu/cmake/Qt5Gui/Qt5Gui_QEvdevMousePlugin.cmake",
		"/usr/lib/x86_64-linux-gnu/cmake/Qt5Gui/Qt5Gui_QEvdevTabletPlugin.cmake",
		"/usr/lib/x86_64-linux-gnu/cmake/Qt5Gui/Qt5Gui_QEvdevTouchScreenPlugin.cmake",
		"/usr/lib/x86_64-linux-gnu/cmake/Qt5Gui/Qt5Gui_QGifPlugin.cmake",
		"/usr/lib/x86_64-linux-gnu/cmake/Qt5Gui/Qt5Gui_QICOPlugin.cmake",
		"/usr/lib/x86_64-linux-gnu/cmake/Qt5Gui/Qt5Gui_QIbusPlatformInputContextPlugin.cmake",
		"/usr/lib/x86_64-linux-gnu/cmake/Qt5Gui/Qt5Gui_QJpegPlugin.cmake",
		"/usr/lib/x86_64-linux-gnu/cmake/Qt5Gui/Qt5Gui_QLibInputPlugin.cmake",
		"/usr/lib/x86_64-linux-gnu/cmake/Qt5Gui/Qt5Gui_QLinuxFbIntegrationPlugin.cmake",
		"/usr/lib/x86_64-linux-gnu/cmake/Qt5Gui/Qt5Gui_QMinimalEglIntegrationPlugin.cmake",
		"/usr/lib/x86_64-linux-gnu/cmake/Qt5Gui/Qt5Gui_QMinimalIntegrationPlugin.cmake",
		"/usr/lib/x86_64-linux-gnu/cmake/Qt5Gui/Qt5Gui_QOffscreenIntegrationPlugin.cmake",
		"/usr/lib/x86_64-linux-gnu/cmake/Qt5Gui/Qt5Gui_QTuioTouchPlugin.cmake",
		"/usr/lib/x86_64-linux-gnu/cmake/Qt5Gui/Qt5Gui_QVncIntegrationPlugin.cmake",
		"/usr/lib/x86_64-linux-gnu/cmake/Qt5Gui/Qt5Gui_QXcbEglIntegrationPlugin.cmake",
		"/usr/lib/x86_64-linux-gnu/cmake/Qt5Gui/Qt5Gui_QXcbGlxIntegrationPlugin.cmake",
		"/usr/lib/x86_64-linux-gnu/cmake/Qt5Gui/Qt5Gui_QXcbIntegrationPlugin.cmake",
		"/usr/lib/x86_64-linux-gnu/cmake/Qt5Gui/Qt5GuiConfigExtras.cmake",
		"/usr/lib/x86_64-linux-gnu/cmake/Qt5Widgets/Qt5WidgetsConfigVersion.cmake",
		"/usr/lib/x86_64-linux-gnu/cmake/Qt5Widgets/Qt5WidgetsConfig.cmake",
		"/usr/lib/x86_64-linux-gnu/cmake/Qt5Widgets/Qt5WidgetsConfigExtras.cmake",
		"/usr/lib/x86_64-linux-gnu/cmake/Qt5Widgets/Qt5WidgetsMacros.cmake",
		"/snap/clion/164/bin/cmake/linux/share/cmake-3.20/Modules/CMakeParseArguments.cmake",
		"/usr/lib/x86_64-linux-gnu/cmake/Qt5Sql/Qt5SqlConfigVersion.cmake",
		"/usr/lib/x86_64-linux-gnu/cmake/Qt5Sql/Qt5SqlConfig.cmake",
		"/usr/lib/x86_64-linux-gnu/cmake/Qt5Core/Qt5CoreConfigVersion.cmake",
		"/usr/lib/x86_64-linux-gnu/cmake/Qt5Core/Qt5CoreConfig.cmake",
		"/usr/lib/x86_64-linux-gnu/cmake/Qt5OpenGL/Qt5OpenGLConfigVersion.cmake",
		"/usr/lib/x86_64-linux-gnu/cmake/Qt5OpenGL/Qt5OpenGLConfig.cmake",
		"/usr/lib/x86_64-linux-gnu/cmake/Qt5Xml/Qt5XmlConfigVersion.cmake",
		"/usr/lib/x86_64-linux-gnu/cmake/Qt5Xml/Qt5XmlConfig.cmake",
		"/usr/lib/x86_64-linux-gnu/cmake/Qt5XmlPatterns/Qt5XmlPatternsConfigVersion.cmake",
		"/usr/lib/x86_64-linux-gnu/cmake/Qt5XmlPatterns/Qt5XmlPatternsConfig.cmake",
		"/usr/lib/x86_64-linux-gnu/cmake/Qt5Network/Qt5NetworkConfigVersion.cmake",
		"/usr/lib/x86_64-linux-gnu/cmake/Qt5Network/Qt5NetworkConfig.cmake",
		"/usr/lib/x86_64-linux-gnu/cmake/Qt5Network/Qt5Network_QConnmanEnginePlugin.cmake",
		"/usr/lib/x86_64-linux-gnu/cmake/Qt5Network/Qt5Network_QGenericEnginePlugin.cmake",
		"/usr/lib/x86_64-linux-gnu/cmake/Qt5Network/Qt5Network_QNetworkManagerEnginePlugin.cmake",
		"/home/alumno/robocomp/G13_x1/Practica2/src/CMakeListsSpecific.txt",
		"/snap/clion/164/bin/cmake/linux/share/cmake-3.20/Modules/FindIce.cmake",
		"/snap/clion/164/bin/cmake/linux/share/cmake-3.20/Modules/SelectLibraryConfigurations.cmake",
		"/snap/clion/164/bin/cmake/linux/share/cmake-3.20/Modules/SelectLibraryConfigurations.cmake",
		"/snap/clion/164/bin/cmake/linux/share/cmake-3.20/Modules/FindPackageHandleStandardArgs.cmake",
		"/snap/clion/164/bin/cmake/linux/share/cmake-3.20/Modules/FindPackageMessage.cmake",
		"/snap/clion/164/bin/cmake/linux/share/cmake-3.20/Modules/FindThreads.cmake",
		"/snap/clion/164/bin/cmake/linux/share/cmake-3.20/Modules/CheckLibraryExists.cmake",
		"/snap/clion/164/bin/cmake/linux/share/cmake-3.20/Modules/CheckIncludeFile.cmake",
		"/snap/clion/164/bin/cmake/linux/share/cmake-3.20/Modules/CheckCSourceCompiles.cmake",
		"/snap/clion/164/bin/cmake/linux/share/cmake-3.20/Modules/Internal/CheckSourceCompiles.cmake",
		"/snap/clion/164/bin/cmake/linux/share/cmake-3.20/Modules/FindPackageHandleStandardArgs.cmake",
		"/snap/clion/164/bin/cmake/linux/share/cmake-3.20/Modules/FindPackageMessage.cmake",
		"/snap/clion/164/bin/cmake/linux/share/cmake-3.20/Modules/FindIce.cmake",
		"/snap/clion/164/bin/cmake/linux/share/cmake-3.20/Modules/SelectLibraryConfigurations.cmake",
		"/snap/clion/164/bin/cmake/linux/share/cmake-3.20/Modules/SelectLibraryConfigurations.cmake",
		"/snap/clion/164/bin/cmake/linux/share/cmake-3.20/Modules/SelectLibraryConfigurations.cmake",
		"/snap/clion/164/bin/cmake/linux/share/cmake-3.20/Modules/FindPackageHandleStandardArgs.cmake",
		"/snap/clion/164/bin/cmake/linux/share/cmake-3.20/Modules/FindPackageMessage.cmake"
	],
	"CMAKE_SOURCE_DIR" : "/home/alumno/robocomp/G13_x1/Practica2",
	"DEP_FILE" : "",
	"DEP_FILE_RULE_NAME" : "",
	"HEADERS" : 
	[
		[
			"/home/alumno/robocomp/G13_x1/Practica2/src/commonbehaviorI.h",
			"MU",
			"EWIEGA46WW/moc_commonbehaviorI.cpp",
			null
		],
		[
			"/home/alumno/robocomp/G13_x1/Practica2/src/genericmonitor.h",
			"MU",
			"EWIEGA46WW/moc_genericmonitor.cpp",
			null
		],
		[
			"/home/alumno/robocomp/G13_x1/Practica2/src/genericworker.h",
			"MU",
			"EWIEGA46WW/moc_genericworker.cpp",
			null
		],
		[
			"/home/alumno/robocomp/G13_x1/Practica2/src/specificmonitor.h",
			"MU",
			"EWIEGA46WW/moc_specificmonitor.cpp",
			null
		],
		[
			"/home/alumno/robocomp/G13_x1/Practica2/src/specificworker.h",
			"MU",
			"EWIEGA46WW/moc_specificworker.cpp",
			null
		],
		[
			"/opt/robocomp/classes/qlog/qlog.h",
			"MU",
			"2FGXPJ7LXO/moc_qlog.cpp",
			null
		],
		[
			"/opt/robocomp/classes/rapplication/rapplication.h",
			"MU",
			"QJTTXZVCVU/moc_rapplication.cpp",
			null
		],
		[
			"/opt/robocomp/classes/sigwatch/sigwatch.h",
			"MU",
			"A42NFNQRPH/moc_sigwatch.cpp",
			null
		]
	],
	"HEADER_EXTENSIONS" : [ "h", "hh", "h++", "hm", "hpp", "hxx", "in", "txx" ],
	"INCLUDE_DIR" : "/home/alumno/robocomp/G13_x1/Practica2/src/chocachoca_autogen/include",
	"MOC_COMPILATION_FILE" : "/home/alumno/robocomp/G13_x1/Practica2/src/chocachoca_autogen/mocs_compilation.cpp",
	"MOC_DEFINITIONS" : 
	[
		"ICE_CPP11_MAPPING",
		"QT_CORE_LIB",
		"QT_GUI_LIB",
		"QT_NETWORK_LIB",
		"QT_NO_DEBUG",
		"QT_OPENGL_LIB",
		"QT_SQL_LIB",
		"QT_WIDGETS_LIB",
		"QT_XMLPATTERNS_LIB",
		"QT_XML_LIB"
	],
	"MOC_DEPEND_FILTERS" : 
	[
		[
			"Q_PLUGIN_METADATA",
			"[\n][ \t]*Q_PLUGIN_METADATA[ \t]*\\([^\\)]*FILE[ \t]*\"([^\"]+)\""
		]
	],
	"MOC_INCLUDES" : 
	[
		"/home/alumno/robocomp/G13_x1/Practica2/src",
		"/home/alumno/robocomp/G13_x1/Practica2/src",
		"/opt/robocomp/include",
		"/classes",
		"/home/alumno/robocomp/G13_x1/Practica2",
		"/opt/robocomp/classes",
		"/opt/robocomp/libs",
		"/opt/robocomp/interfaces",
		"/include",
		"/usr/include/x86_64-linux-gnu/qt5",
		"/usr/include/x86_64-linux-gnu/qt5/QtGui",
		"/usr/include/x86_64-linux-gnu/qt5/QtCore",
		"/usr/lib/x86_64-linux-gnu/qt5/mkspecs/linux-g++",
		"/usr/include/x86_64-linux-gnu/qt5/QtWidgets",
		"/usr/include/x86_64-linux-gnu/qt5/QtSql",
		"/usr/include/x86_64-linux-gnu/qt5/QtOpenGL",
		"/usr/include/x86_64-linux-gnu/qt5/QtXml",
		"/usr/include/x86_64-linux-gnu/qt5/QtXmlPatterns",
		"/usr/include/x86_64-linux-gnu/qt5/QtNetwork",
		"/usr/include/c++/10",
		"/usr/include/x86_64-linux-gnu/c++/10",
		"/usr/include/c++/10/backward",
		"/usr/lib/gcc/x86_64-linux-gnu/10/include",
		"/usr/local/include",
		"/usr/include/x86_64-linux-gnu",
		"/usr/include"
	],
	"MOC_MACRO_NAMES" : [ "Q_OBJECT", "Q_GADGET", "Q_NAMESPACE", "Q_NAMESPACE_EXPORT" ],
	"MOC_OPTIONS" : [],
	"MOC_PATH_PREFIX" : false,
	"MOC_PREDEFS_CMD" : 
	[
		"/usr/bin/c++",
		"-dM",
		"-E",
		"-c",
		"/snap/clion/164/bin/cmake/linux/share/cmake-3.20/Modules/CMakeCXXCompilerABI.cpp"
	],
	"MOC_PREDEFS_FILE" : "/home/alumno/robocomp/G13_x1/Practica2/src/chocachoca_autogen/moc_predefs.h",
	"MOC_RELAXED_MODE" : false,
	"MOC_SKIP" : 
	[
		"/home/alumno/robocomp/G13_x1/Practica2/src/CommonBehavior.cpp",
		"/home/alumno/robocomp/G13_x1/Practica2/src/DifferentialRobot.cpp",
		"/home/alumno/robocomp/G13_x1/Practica2/src/GenericBase.cpp",
		"/home/alumno/robocomp/G13_x1/Practica2/src/Laser.cpp",
		"/home/alumno/robocomp/G13_x1/Practica2/src/ui_mainUI.h"
	],
	"MULTI_CONFIG" : false,
	"PARALLEL" : 8,
	"PARSE_CACHE_FILE" : "/home/alumno/robocomp/G13_x1/Practica2/src/CMakeFiles/chocachoca_autogen.dir/ParseCache.txt",
	"QT_MOC_EXECUTABLE" : "/usr/lib/qt5/bin/moc",
	"QT_UIC_EXECUTABLE" : "/usr/lib/qt5/bin/uic",
	"QT_VERSION_MAJOR" : 5,
	"QT_VERSION_MINOR" : 12,
	"SETTINGS_FILE" : "/home/alumno/robocomp/G13_x1/Practica2/src/CMakeFiles/chocachoca_autogen.dir/AutogenUsed.txt",
	"SOURCES" : 
	[
		[
			"/home/alumno/robocomp/G13_x1/Practica2/src/commonbehaviorI.cpp",
			"MU",
			null
		],
		[
			"/home/alumno/robocomp/G13_x1/Practica2/src/genericmonitor.cpp",
			"MU",
			null
		],
		[
			"/home/alumno/robocomp/G13_x1/Practica2/src/genericworker.cpp",
			"MU",
			null
		],
		[ "/home/alumno/robocomp/G13_x1/Practica2/src/main.cpp", "MU", null ],
		[
			"/home/alumno/robocomp/G13_x1/Practica2/src/specificmonitor.cpp",
			"MU",
			null
		],
		[
			"/home/alumno/robocomp/G13_x1/Practica2/src/specificworker.cpp",
			"MU",
			null
		],
		[ "/opt/robocomp/classes/qlog/qlog.cpp", "MU", null ],
		[ "/opt/robocomp/classes/rapplication/rapplication.cpp", "MU", null ],
		[ "/opt/robocomp/classes/sigwatch/sigwatch.cpp", "MU", null ]
	],
	"UIC_OPTIONS" : [],
	"UIC_SEARCH_PATHS" : [],
	"UIC_SKIP" : 
	[
		"/home/alumno/robocomp/G13_x1/Practica2/src/CommonBehavior.cpp",
		"/home/alumno/robocomp/G13_x1/Practica2/src/DifferentialRobot.cpp",
		"/home/alumno/robocomp/G13_x1/Practica2/src/GenericBase.cpp",
		"/home/alumno/robocomp/G13_x1/Practica2/src/Laser.cpp",
		"/home/alumno/robocomp/G13_x1/Practica2/src/mainUI.ui",
		"/home/alumno/robocomp/G13_x1/Practica2/src/ui_mainUI.h"
	],
	"UIC_UI_FILES" : [],
	"VERBOSITY" : 0
}
